,1,2,3,4,5,6,7,8,9,10,11,12,13,14,15,16,17,18,19,20,SUM
'fore,0,0,0,0,0,0,1,0,0,0,0,0,0,0,0,0,0,0,0,0,1
I,0,0,0,0,0,0,0,0,0,1,0,4,0,7,3,0,1,1,1,0,18
a,1,1,0,1,1,0,1,0,2,0,0,0,2,0,1,1,2,2,0,4,19
a-doting,0,0,0,0,0,0,0,0,0,0,0,0,0,0,0,0,0,0,0,1,1
abundance,1,0,0,0,0,0,0,0,0,0,0,0,0,0,0,0,0,0,0,0,1
abuse,0,0,0,1,0,0,0,0,0,0,0,0,0,0,0,0,0,0,0,0,1
acceptable,0,0,0,1,0,0,0,0,0,0,0,0,0,0,0,0,0,0,0,0,1
acquainted,0,0,0,0,0,0,0,0,0,0,0,0,0,0,0,0,0,0,0,1,1
adding,0,0,0,0,0,0,0,0,0,0,0,0,0,0,0,0,0,0,0,1,1
addition,0,0,0,0,0,0,0,0,0,0,0,0,0,0,0,0,0,0,0,1,1
adore,0,0,0,0,0,0,1,0,0,0,0,0,0,0,0,0,0,0,0,0,1
after,0,0,0,0,0,0,0,0,0,0,0,0,1,0,0,0,0,0,0,0,1
again,0,0,0,0,0,0,0,0,0,0,0,0,1,0,0,0,0,0,0,0,1
against,0,0,0,0,0,0,0,0,0,1,0,1,2,0,0,0,0,0,0,0,4
age,0,0,1,0,0,0,2,0,0,0,1,0,0,0,0,0,2,0,0,0,6
ah,0,0,0,0,0,0,0,0,1,0,0,0,0,0,0,0,0,0,0,0,1
alive,0,0,0,0,0,0,0,0,0,0,0,0,0,0,0,0,1,0,0,0,1
all,0,2,0,0,0,0,0,1,0,0,1,2,0,0,1,0,1,1,1,1,11
all-eating,0,1,0,0,0,0,0,0,0,0,0,0,0,0,0,0,0,0,0,0,1
allow,0,0,0,0,0,0,0,0,0,0,0,0,0,0,0,0,0,0,1,0,1
alone,0,0,0,1,0,0,0,0,0,0,0,0,0,0,0,0,0,0,0,0,1
amazeth,0,0,0,0,0,0,0,0,0,0,0,0,0,0,0,0,0,0,0,1,1
among,0,0,0,0,0,0,0,0,0,0,0,1,0,0,0,0,0,0,0,0,1
an,0,1,0,0,0,0,0,0,2,0,0,0,0,0,0,0,1,0,0,1,5
and,3,4,3,1,4,1,2,2,2,1,6,7,2,6,3,3,5,5,5,4,69
annoy,0,0,0,0,0,0,0,1,0,0,0,0,0,0,0,0,0,0,0,0,1
another,0,0,1,0,0,1,1,1,0,1,0,0,0,0,0,0,0,0,0,0,5
answer,0,1,0,0,0,0,0,0,0,0,0,0,0,0,0,0,0,0,0,0,1
antique,0,0,0,0,0,0,0,0,0,0,0,0,0,0,0,0,1,0,1,0,2
any,0,0,0,0,0,0,0,0,0,1,0,0,0,0,0,0,0,0,0,0,1
april,0,0,1,0,0,0,0,0,0,0,0,0,0,0,0,0,0,0,0,0,1
are,0,0,0,1,0,0,1,0,0,0,0,0,1,0,0,0,0,0,0,0,3
art,1,1,1,0,0,2,0,0,0,3,0,0,0,1,0,0,0,1,0,0,10
as,1,0,0,0,0,0,0,0,0,1,2,2,0,1,2,0,1,1,1,2,14
asked,0,1,0,0,0,0,0,0,0,0,0,0,0,0,0,0,0,0,0,0,1
astronomy,0,0,0,0,0,0,0,0,0,0,0,0,0,1,0,0,0,0,0,0,1
at,0,0,0,0,0,0,0,0,0,1,0,0,0,0,1,0,0,0,0,0,2
attending,0,0,0,0,0,0,1,0,0,0,0,0,0,0,0,0,0,0,0,0,1
audit,0,0,0,1,0,0,0,0,0,0,0,0,0,0,0,0,0,0,0,0,1
away,0,0,0,0,0,0,0,0,0,0,1,0,0,0,0,1,0,0,0,0,2
back,0,0,1,0,0,0,0,0,0,0,0,0,0,0,0,0,0,0,0,0,1
bareness,0,0,0,0,1,0,0,0,0,0,0,0,0,0,0,0,0,0,0,0,1
barren,0,0,0,0,0,0,0,0,0,0,0,1,1,0,0,1,0,0,0,0,3
barrenly,0,0,0,0,0,0,0,0,0,0,1,0,0,0,0,0,0,0,0,0,1
be,1,2,2,3,0,5,0,0,1,3,0,0,0,0,0,0,2,0,0,1,20
bear,1,0,0,0,0,0,0,1,0,0,0,0,1,0,0,1,0,0,0,0,4
bear'st,0,0,0,0,0,0,0,0,0,1,0,0,0,0,0,0,0,0,0,0,1
beard,0,0,0,0,0,0,0,0,0,0,0,1,0,0,0,0,0,0,0,0,1
beauteous,0,0,0,1,0,0,0,0,0,1,0,0,0,0,0,0,0,0,0,0,2
beauties,0,0,0,0,0,0,0,0,0,0,0,1,0,0,0,0,0,0,0,0,1
beauty,1,4,0,2,3,1,1,0,1,1,1,1,1,2,0,0,1,0,1,0,21
before,0,0,0,0,0,0,0,0,0,0,0,0,0,0,1,0,0,0,0,0,1
beguile,0,0,1,0,0,0,0,0,0,0,0,0,0,0,0,0,0,0,0,0,1
behind,0,0,0,0,0,0,0,0,1,0,0,0,0,0,0,0,0,0,0,0,1
behold,0,0,0,0,0,0,0,0,0,0,0,1,0,0,0,0,0,0,0,0,1
being,0,1,0,1,0,0,0,1,0,0,0,0,0,0,0,0,0,0,0,0,3
believe,0,0,0,0,0,0,0,0,0,0,0,0,0,0,0,0,1,0,0,0,1
beloved,0,0,0,0,0,0,0,0,0,1,0,0,0,0,0,0,0,0,0,0,1
bequest,0,0,0,1,0,0,0,0,0,0,0,0,0,0,0,0,0,0,0,0,1
bereft,0,0,0,0,1,0,0,0,0,0,0,0,0,0,0,0,0,0,0,0,1
besiege,0,1,0,0,0,0,0,0,0,0,0,0,0,0,0,0,0,0,0,0,1
best,0,0,0,0,0,0,0,0,0,0,1,0,0,0,0,0,0,0,0,0,1
bestow'st,0,0,0,0,0,0,0,0,0,0,1,0,0,0,0,0,0,0,0,0,1
bier,0,0,0,0,0,0,0,0,0,0,0,1,0,0,0,0,0,0,0,0,1
blessed,0,0,0,0,0,0,0,0,0,0,0,0,0,0,0,1,0,0,0,0,1
blood,0,1,0,0,0,0,0,0,0,0,1,0,0,0,0,0,0,0,1,0,3
bloody,0,0,0,0,0,0,0,0,0,0,0,0,0,0,0,1,0,0,0,0,1
blunt,0,0,0,0,0,0,0,0,0,0,0,0,0,0,0,0,0,0,1,0,1
borne,0,0,0,0,0,0,0,0,0,0,0,1,0,0,0,0,0,0,0,0,1
bosom,0,0,0,0,0,0,0,0,1,0,0,0,0,0,0,0,0,0,0,0,1
bounteous,0,0,0,1,0,0,0,0,0,0,1,0,0,0,0,0,0,0,0,0,2
bounty,0,0,0,0,0,0,0,0,0,0,1,0,0,0,0,0,0,0,0,0,1
brag,0,0,0,0,0,0,0,0,0,0,0,0,0,0,0,0,0,1,0,0,1
brave,0,0,0,0,0,0,0,0,0,0,0,2,0,0,1,0,0,0,0,0,3
breathe,0,0,0,0,0,0,0,0,0,0,0,0,0,0,0,0,0,1,0,0,1
breed,0,0,0,0,0,1,0,0,0,0,0,1,0,0,0,0,0,0,0,0,2
brief,0,0,0,0,0,0,0,0,0,0,0,0,0,1,0,0,0,0,0,0,1
bright,1,0,0,0,0,0,0,0,0,0,0,0,0,0,0,0,0,0,0,1,2
bristly,0,0,0,0,0,0,0,0,0,0,0,1,0,0,0,0,0,0,0,0,1
brood,0,0,0,0,0,0,0,0,0,0,0,0,0,0,0,0,0,0,1,0,1
brow,0,1,0,0,0,0,0,0,0,0,0,0,0,0,0,0,0,0,1,0,2
bud,1,0,0,0,0,0,0,0,0,0,0,0,0,0,0,0,0,0,0,0,1
buds,0,0,0,0,0,0,0,0,0,0,0,0,0,0,0,0,0,1,0,0,1
buriest,1,0,0,0,0,0,0,0,0,0,0,0,0,0,0,0,0,0,0,0,1
burn,0,0,0,0,0,0,0,0,0,0,0,0,0,0,0,0,0,0,1,0,1
burning,0,0,0,0,0,0,1,0,0,0,0,0,0,0,0,0,0,0,0,0,1
but,2,0,1,1,2,0,1,1,2,1,0,0,2,2,2,1,2,1,1,2,24
by,2,1,0,0,0,0,0,2,1,0,0,0,0,1,1,1,0,1,0,2,12
call,0,0,0,0,0,0,0,0,0,0,1,0,0,0,0,0,0,0,0,0,1
calls,0,0,1,1,0,0,0,0,0,0,0,0,0,0,0,0,0,0,0,0,2
can,0,0,0,0,0,0,0,0,0,0,0,1,0,1,0,1,0,2,0,0,5
canopy,0,0,0,0,0,0,0,0,0,0,0,1,0,0,0,0,0,0,0,0,1
canst,0,0,0,2,0,0,0,0,0,0,0,0,0,0,0,0,0,0,0,0,2
car,0,0,0,0,0,0,1,0,0,0,0,0,0,0,0,0,0,0,0,0,1
carve,0,0,0,0,0,0,0,0,0,0,0,0,0,0,0,0,0,0,1,0,1
carved,0,0,0,0,0,0,0,0,0,0,1,0,0,0,0,0,0,0,0,0,1
cease,0,0,0,0,0,0,0,0,0,0,1,0,0,0,0,0,0,0,0,0,1
chance,0,0,0,0,0,0,0,0,0,0,0,0,0,0,0,0,0,1,0,0,1
change,0,0,0,0,0,0,0,0,0,2,0,0,0,0,1,0,0,0,0,1,4
changing,0,0,0,0,0,0,0,0,0,0,0,0,0,0,0,0,0,1,0,0,1
checked,0,0,0,0,1,0,0,0,0,0,0,0,0,0,1,0,0,0,0,0,2
cheered,0,0,0,0,0,0,0,0,0,0,0,0,0,0,1,0,0,0,0,0,1
cherish,0,0,0,0,0,0,0,0,0,0,1,0,0,0,0,0,0,0,0,0,1
chide,0,0,0,0,0,0,0,1,0,0,0,0,0,0,0,0,0,0,0,0,1
chief,0,0,0,0,0,0,0,0,0,1,0,0,0,0,0,0,0,0,0,0,1
child,0,1,0,0,0,0,0,1,0,0,0,0,0,0,0,0,1,0,0,0,3
children,0,0,0,0,0,0,0,0,1,0,0,0,0,0,0,0,0,0,0,0,1
churl,1,0,0,0,0,0,0,0,0,0,0,0,0,0,0,0,0,0,0,0,1
climbed,0,0,0,0,0,0,1,0,0,0,0,0,0,0,0,0,0,0,0,0,1
clock,0,0,0,0,0,0,0,0,0,0,0,1,0,0,0,0,0,0,0,0,1
cold,0,1,0,0,0,0,0,0,0,0,1,0,1,0,0,0,0,0,0,0,3
come,0,0,0,0,0,0,0,0,0,0,0,0,0,0,0,0,2,0,0,0,2
coming,0,0,0,0,0,0,0,0,0,0,0,0,1,0,0,0,0,0,0,0,1
comment,0,0,0,0,0,0,0,0,0,0,0,0,0,0,1,0,0,0,0,0,1
commits,0,0,0,0,0,0,0,0,1,0,0,0,0,0,0,0,0,0,0,0,1
compare,0,0,0,0,0,0,0,0,0,0,0,0,0,0,0,0,0,1,0,0,1
complexion,0,0,0,0,0,0,0,0,0,0,0,0,0,0,0,0,0,1,0,0,1
conceit,0,0,0,0,0,0,0,0,0,0,0,0,0,0,1,0,0,0,0,0,1
concord,0,0,0,0,0,0,0,1,0,0,0,0,0,0,0,0,0,0,0,0,1
confounds,0,0,0,0,1,0,0,1,0,0,0,0,0,0,0,0,0,0,0,0,2
conquest,0,0,0,0,0,1,0,0,0,0,0,0,0,0,0,0,0,0,0,0,1
consider,0,0,0,0,0,0,0,0,0,0,0,0,0,0,1,0,0,0,0,0,1
conspire,0,0,0,0,0,0,0,0,0,1,0,0,0,0,0,0,0,0,0,0,1
constant,0,0,0,0,0,0,0,0,0,0,0,0,0,1,0,0,0,0,0,0,1
consum'st,0,0,0,0,0,0,0,0,1,0,0,0,0,0,0,0,0,0,0,0,1
content,1,0,0,0,0,0,0,0,0,0,0,0,0,0,0,0,0,0,0,0,1
contracted,1,0,0,0,0,0,0,0,0,0,0,0,0,0,0,0,0,0,0,0,1
controlling,0,0,0,0,0,0,0,0,0,0,0,0,0,0,0,0,0,0,0,1,1
convert,0,0,0,0,0,0,0,0,0,0,0,0,0,1,0,0,0,0,0,0,1
converted,0,0,0,0,0,0,1,0,0,0,0,0,0,0,0,0,0,0,0,0,1
convertest,0,0,0,0,0,0,0,0,0,0,1,0,0,0,0,0,0,0,0,0,1
copy,0,0,0,0,0,0,0,0,0,0,1,0,0,0,0,0,0,0,0,0,1
could,0,0,0,0,0,1,0,0,0,0,0,0,0,0,0,0,1,0,0,0,2
couldst,0,1,0,0,0,0,0,0,0,0,0,0,0,0,0,0,0,0,0,0,1
count,0,1,0,0,0,0,0,0,0,0,0,1,0,0,0,0,0,0,0,0,2
counterfeit,0,0,0,0,0,0,0,0,0,0,0,0,0,0,0,1,0,0,0,0,1
course,0,0,0,0,0,0,0,0,0,0,0,0,0,0,0,0,0,1,1,0,2
created,0,0,0,0,0,0,0,0,0,0,0,0,0,0,0,0,0,0,0,1,1
creatures,1,0,0,0,0,0,0,0,0,0,0,0,0,0,0,0,0,0,0,0,1
crime,0,0,0,0,0,0,0,0,0,0,0,0,0,0,0,0,0,0,1,0,1
cruel,1,0,0,0,0,0,0,0,0,0,0,0,0,0,0,0,0,0,0,0,1
curls,0,0,0,0,0,0,0,0,0,0,0,1,0,0,0,0,0,0,0,0,1
darling,0,0,0,0,0,0,0,0,0,0,0,0,0,0,0,0,0,1,0,0,1
date,0,0,0,0,0,0,0,0,0,0,0,0,0,1,0,0,0,1,0,0,2
day,0,0,0,0,0,0,1,0,0,0,0,1,1,0,1,0,0,1,0,0,5
days,0,1,0,0,0,0,0,0,0,0,0,0,0,0,0,0,0,0,0,0,1
dear,0,0,0,0,0,0,0,0,0,0,0,0,1,0,0,0,0,0,0,0,1
dearths,0,0,0,0,0,0,0,0,0,0,0,0,0,1,0,0,0,0,0,0,1
death,0,0,0,0,0,2,0,0,0,0,0,0,1,0,0,0,0,1,0,0,4
debateth,0,0,0,0,0,0,0,0,0,0,0,0,0,0,1,0,0,0,0,0,1
decay,0,0,0,0,0,0,0,0,0,0,1,0,1,0,1,1,0,0,0,0,4
decease,1,0,0,0,0,0,0,0,0,0,0,0,1,0,0,0,0,0,0,0,2
deceive,0,0,0,1,0,0,0,0,0,0,0,0,0,0,0,0,0,0,0,0,1
declines,0,0,0,0,0,0,0,0,0,0,0,0,0,0,0,0,0,1,0,0,1
decrease,0,0,0,0,0,0,0,0,0,0,0,0,0,0,1,0,0,0,0,0,1
deep,0,2,0,0,0,0,0,0,0,0,0,0,0,0,0,0,0,0,0,0,2
deface,0,0,0,0,0,1,0,0,0,0,0,0,0,0,0,0,0,0,0,0,1
defeated,0,0,0,0,0,0,0,0,0,0,0,0,0,0,0,0,0,0,0,1,1
defence,0,0,0,0,0,0,0,0,0,0,0,1,0,0,0,0,0,0,0,0,1
delights,0,0,0,0,0,0,0,1,0,0,0,0,0,0,0,0,0,0,0,0,1
deny,0,0,0,0,0,0,0,0,0,1,0,0,0,0,0,0,0,0,0,0,1
depart,0,0,0,0,0,1,0,0,0,0,0,0,0,0,0,0,0,0,0,0,1
departest,0,0,0,0,0,0,0,0,0,0,1,0,0,0,0,0,0,0,0,0,1
derive,0,0,0,0,0,0,0,0,0,0,0,0,0,1,0,0,0,0,0,0,1
deserts,0,0,0,0,0,0,0,0,0,0,0,0,0,0,0,0,1,0,0,0,1
deserv'd,0,1,0,0,0,0,0,0,0,0,0,0,0,0,0,0,0,0,0,0,1
desire,1,0,0,0,0,0,0,0,0,1,0,0,0,0,0,0,0,0,0,0,2
despite,0,0,1,0,0,0,0,0,0,0,0,0,0,0,0,0,0,0,1,0,2
destroys,0,0,0,0,0,0,0,0,1,0,0,0,0,0,0,0,0,0,0,0,1
determination,0,0,0,0,0,0,0,0,0,0,0,0,1,0,0,0,0,0,0,0,1
devour,0,0,0,0,0,0,0,0,0,0,0,0,0,0,0,0,0,0,1,0,1
devouring,0,0,0,0,0,0,0,0,0,0,0,0,0,0,0,0,0,0,1,0,1
did,0,0,0,0,1,0,0,0,0,0,0,1,0,0,0,0,0,0,0,0,2
die,1,0,1,0,0,0,0,0,1,0,1,1,0,0,0,0,0,0,0,0,5
dies,0,0,1,0,0,0,0,0,0,0,0,0,0,0,0,0,0,0,0,0,1
diest,0,0,0,0,0,0,1,0,0,0,0,0,0,0,0,0,0,0,0,0,1
dig,0,1,0,0,0,0,0,0,0,0,0,0,0,0,0,0,0,0,0,0,1
dimmed,0,0,0,0,0,0,0,0,0,0,0,0,0,0,0,0,0,1,0,0,1
disdains,0,0,1,0,0,0,0,0,0,0,0,0,0,0,0,0,0,0,0,0,1
distillation,0,0,0,0,1,0,0,0,0,0,0,0,0,0,0,0,0,0,0,0,1
distilled,0,0,0,0,1,1,0,0,0,0,0,0,0,0,0,0,0,0,0,0,2
do,0,0,0,0,0,1,0,3,0,0,0,3,0,1,0,1,0,1,3,0,13
doom,0,0,0,0,0,0,0,0,0,0,0,0,0,1,0,0,0,0,0,0,1
dost,0,0,1,4,0,0,0,0,0,0,0,0,0,0,0,0,0,0,0,0,5
doth,0,0,0,1,2,0,1,0,1,0,0,0,0,0,0,0,0,0,0,0,5
draw,0,0,0,0,0,0,0,0,0,0,0,0,0,0,0,0,0,0,1,0,1
drawn,0,0,0,0,0,0,0,0,0,0,0,0,0,0,0,1,0,0,0,0,1
due,1,0,0,0,0,0,0,0,0,0,0,0,0,0,0,0,0,0,0,0,1
duteous,0,0,0,0,0,0,1,0,0,0,0,0,0,0,0,0,0,0,0,0,1
dwell,0,0,0,0,1,0,0,0,0,0,0,0,0,0,0,0,0,0,0,0,1
each,0,0,0,0,0,0,1,2,0,0,0,0,0,1,0,0,0,0,0,0,4
ear,0,0,0,0,0,0,0,1,0,0,0,0,0,0,0,0,0,0,0,0,1
earth,0,0,0,0,0,0,0,0,0,0,0,0,0,0,0,0,0,0,1,0,1
earthly,0,0,0,0,0,0,0,0,0,0,0,0,0,0,0,0,1,0,0,0,1
eat,1,0,0,0,0,0,0,0,0,0,0,0,0,0,0,0,0,0,0,0,1
effect,0,0,0,0,1,0,0,0,0,0,0,0,0,0,0,0,0,0,0,0,1
else,1,0,0,0,0,0,0,1,0,0,0,0,0,1,0,0,0,0,0,0,3
end,0,0,0,0,0,0,0,0,1,0,0,0,1,1,0,0,0,0,0,0,3
endowed,0,0,0,0,0,0,0,0,0,0,1,0,0,0,0,0,0,0,0,0,1
engraft,0,0,0,0,0,0,0,0,0,0,0,0,0,0,1,0,0,0,0,0,1
enjoys,0,0,0,0,0,0,0,0,1,0,0,0,0,0,0,0,0,0,0,0,1
ere,0,0,0,0,0,2,0,0,0,0,0,0,0,0,0,0,0,0,0,0,2
erst,0,0,0,0,0,0,0,0,0,0,0,1,0,0,0,0,0,0,0,0,1
eternal,0,0,0,0,0,0,0,0,0,0,0,0,1,0,0,0,0,2,0,0,3
even,0,0,0,0,0,0,0,0,0,0,0,0,0,0,1,0,0,0,0,0,1
ever,0,0,0,0,0,0,0,0,0,0,0,0,0,0,0,0,0,0,1,0,1
every,0,0,0,0,2,0,0,0,1,0,0,0,0,0,1,0,0,1,0,0,5
evident,0,0,0,0,0,0,0,0,0,1,0,0,0,0,0,0,0,0,0,0,1
evil,0,0,0,0,0,0,0,0,0,0,0,0,0,1,0,0,0,0,0,0,1
excel,0,0,0,0,1,0,0,0,0,0,0,0,0,0,0,0,0,0,0,0,1
excuse,0,1,0,0,0,0,0,0,0,0,0,0,0,0,0,0,0,0,0,0,1
executor,0,0,0,1,0,0,0,0,0,0,0,0,0,0,0,0,0,0,0,0,1
eye,0,0,0,0,1,0,1,0,1,0,0,0,0,0,0,0,0,1,0,1,5
eyes,1,1,0,0,0,0,1,0,1,0,0,0,0,1,0,1,1,1,0,1,9
face,0,0,2,0,0,0,0,0,0,0,0,0,0,0,0,0,0,0,0,1,3
faces,0,0,0,0,0,0,0,0,0,0,0,0,0,0,0,0,1,0,0,0,1
fade,0,0,0,0,0,0,0,0,0,0,0,0,0,0,0,0,0,1,0,0,1
fading,0,0,0,0,0,0,0,0,0,0,0,0,0,0,0,0,0,0,1,0,1
fair,0,1,1,0,0,1,0,0,0,0,0,0,1,0,0,1,0,3,1,0,9
fairer,0,0,0,0,0,0,0,0,0,1,0,0,0,0,0,0,0,0,0,0,1
fairest,1,0,0,0,0,0,0,0,0,0,0,0,0,0,0,0,0,0,0,0,1
fairly,0,0,0,0,1,0,0,0,0,0,0,0,0,0,0,0,0,0,0,0,1
fall,0,0,0,0,0,0,0,0,0,0,0,0,1,0,0,0,0,0,0,0,1
FALSE,0,0,0,0,0,0,0,0,0,0,0,0,0,0,0,0,0,0,0,2,2
famine,1,0,0,0,0,0,0,0,0,0,0,0,0,0,0,0,0,0,0,0,1
fashion,0,0,0,0,0,0,0,0,0,0,0,0,0,0,0,0,0,0,0,1,1
fast,0,0,0,0,0,0,0,0,0,0,2,1,0,0,0,0,0,0,0,0,3
father,0,0,0,0,0,0,0,0,0,0,0,0,1,0,0,0,0,0,0,0,1
fear,0,0,0,0,0,0,0,0,1,0,0,0,0,0,0,0,0,0,0,0,1
featureless,0,0,0,0,0,0,0,0,0,0,1,0,0,0,0,0,0,0,0,0,1
feeble,0,0,0,0,0,0,1,0,0,0,0,0,0,0,0,0,0,0,0,0,1
feed'st,1,0,0,0,0,0,0,0,0,0,0,0,0,0,0,0,0,0,0,0,1
feel'st,0,1,0,0,0,0,0,0,0,0,0,0,0,0,0,0,0,0,0,0,1
fell,0,0,0,0,0,0,0,0,0,0,0,0,0,0,0,0,0,0,0,1,1
field,0,1,0,0,0,0,0,0,0,0,0,0,0,0,0,0,0,0,0,0,1
fierce,0,0,0,0,0,0,0,0,0,0,0,0,0,0,0,0,0,0,1,0,1
filled,0,0,0,0,0,0,0,0,0,0,0,0,0,0,0,0,1,0,0,0,1
find,0,0,0,0,0,0,0,0,0,0,0,0,1,1,0,0,0,0,0,0,2
first,0,0,0,0,0,0,0,0,0,0,0,0,0,0,0,0,0,0,0,1,1
flame,1,0,0,0,0,0,0,0,0,0,0,0,0,0,0,0,0,0,0,0,1
fleet'st,0,0,0,0,0,0,0,0,0,0,0,0,0,0,0,0,0,0,1,0,1
flowers,0,0,0,0,1,0,0,0,0,0,0,0,0,0,0,1,0,0,0,0,2
foe,1,0,0,0,0,0,0,0,0,0,0,0,0,0,0,0,0,0,0,0,1
folly,0,0,0,0,0,0,0,0,0,0,1,0,0,0,0,0,0,0,0,0,1
fond,0,0,1,0,0,0,0,0,0,0,0,0,0,0,0,0,0,0,0,0,1
for,0,0,1,1,1,3,0,0,2,4,2,0,0,0,1,0,0,0,1,2,18
forbid,0,0,0,0,0,0,0,0,0,0,0,0,0,0,0,0,0,0,1,0,1
forbidden,0,0,0,0,0,1,0,0,0,0,0,0,0,0,0,0,0,0,0,0,1
form,0,0,1,0,0,0,0,0,1,0,0,0,1,0,0,0,0,0,0,0,3
forsake,0,0,0,0,0,0,0,0,0,0,0,1,0,0,0,0,0,0,0,0,1
fortify,0,0,0,0,0,0,0,0,0,0,0,0,0,0,0,1,0,0,0,0,1
fortune,0,0,0,0,0,0,0,0,0,0,0,0,0,1,0,0,0,0,0,0,1
forty,0,1,0,0,0,0,0,0,0,0,0,0,0,0,0,0,0,0,0,0,1
frame,0,0,0,0,1,0,0,0,0,0,0,0,0,0,0,0,0,0,0,0,1
frank,0,0,0,1,0,0,0,0,0,0,0,0,0,0,0,0,0,0,0,0,1
free,0,0,0,1,0,0,0,0,0,0,0,0,0,0,0,0,0,0,0,0,1
fresh,1,0,1,0,0,0,0,0,0,0,1,0,0,0,0,0,1,0,0,0,4
from,1,0,0,0,0,0,3,0,0,0,2,1,0,3,1,0,0,1,1,0,13
frost,0,0,0,0,1,0,0,0,0,0,0,0,0,0,0,0,0,0,0,0,1
fuel,1,0,0,0,0,0,0,0,0,0,0,0,0,0,0,0,0,0,0,0,1
gardens,0,0,0,0,0,0,0,0,0,0,0,0,0,0,0,1,0,0,0,0,1
gaudy,1,0,0,0,0,0,0,0,0,0,0,0,0,0,0,0,0,0,0,0,1
gave,0,0,0,0,0,0,0,0,0,0,1,0,0,0,0,0,0,0,0,0,1
gaze,0,0,0,0,1,0,0,0,0,0,0,0,0,0,0,0,0,0,0,0,1
gazed,0,1,0,0,0,0,0,0,0,0,0,0,0,0,0,0,0,0,0,0,1
gazeth,0,0,0,0,0,0,0,0,0,0,0,0,0,0,0,0,0,0,0,1,1
gentle,0,0,0,0,1,0,0,0,0,1,0,0,0,0,0,0,0,0,0,1,3
get,0,0,0,0,0,0,1,0,0,0,0,0,0,0,0,0,0,0,0,0,1
gift,0,0,0,0,0,0,0,0,0,0,1,0,0,0,0,0,0,0,0,0,1
gilding,0,0,0,0,0,0,0,0,0,0,0,0,0,0,0,0,0,0,0,1,1
girded,0,0,0,0,0,0,0,0,0,0,0,1,0,0,0,0,0,0,0,0,1
give,0,0,0,1,0,0,0,0,0,0,0,0,1,0,0,1,0,0,0,0,3
given,0,0,0,1,0,0,0,0,0,0,0,0,0,0,0,0,0,0,0,0,1
gives,0,0,0,1,0,0,0,0,0,0,0,0,0,0,0,0,0,1,0,0,2
glad,0,0,0,0,0,0,0,0,0,0,0,0,0,0,0,0,0,0,1,0,1
gladly,0,0,0,0,0,0,0,1,0,0,0,0,0,0,0,0,0,0,0,0,1
glass,0,0,2,0,1,0,0,0,0,0,0,0,0,0,0,0,0,0,0,0,3
glutton,1,0,0,0,0,0,0,0,0,0,0,0,0,0,0,0,0,0,0,0,1
go,0,0,0,0,0,0,0,0,0,0,0,1,0,1,0,0,0,0,0,0,2
gold,0,0,0,0,0,0,0,0,0,0,0,0,0,0,0,0,0,1,0,0,1
golden,0,0,1,0,0,0,1,0,0,0,0,0,0,0,0,0,0,0,0,0,2
gone,0,0,0,1,1,0,0,0,0,0,0,0,0,0,0,0,0,0,0,0,2
good,0,0,0,0,0,0,0,0,0,0,0,0,0,1,0,0,0,0,0,0,1
graces,0,0,0,0,0,0,0,0,0,0,0,0,0,0,0,0,1,0,0,0,1
gracious,0,0,0,0,0,0,1,0,0,1,0,0,0,0,0,0,0,0,0,0,2
grant,0,0,0,0,0,0,0,0,0,1,0,0,0,0,0,0,0,0,0,0,1
grave,1,0,0,0,0,0,0,0,0,0,0,0,0,0,0,0,0,0,0,0,1
great,0,0,0,1,0,0,0,0,0,0,0,0,0,0,0,0,0,0,0,0,1
green,0,0,0,0,0,0,0,0,0,0,0,1,0,0,0,0,0,0,0,0,1
grow,0,0,0,0,0,0,0,0,0,0,0,1,0,0,0,0,0,0,0,0,1
grow'st,0,0,0,0,0,0,0,0,0,0,1,0,0,0,0,0,0,1,0,0,2
grows,0,0,0,0,0,0,0,0,0,0,0,0,0,0,1,0,0,0,0,0,1
gusts,0,0,0,0,0,0,0,0,0,0,0,0,1,0,0,0,0,0,0,0,1
had,0,0,0,0,0,0,0,0,0,0,0,0,1,0,0,0,0,0,0,0,1
half,0,0,0,0,0,0,0,0,0,0,0,0,0,0,0,0,1,0,0,0,1
hand,0,0,0,0,0,1,0,0,0,0,0,0,0,0,0,0,0,0,0,1,2
hap,0,0,0,0,0,0,0,0,1,0,0,0,0,0,0,0,0,0,0,0,1
happier,0,0,0,0,0,2,0,0,0,0,0,0,0,0,0,0,0,0,0,0,2
happies,0,0,0,0,0,1,0,0,0,0,0,0,0,0,0,0,0,0,0,0,1
happy,0,0,0,0,0,0,0,1,0,0,0,0,0,0,0,1,0,0,0,0,2
harsh,0,0,0,0,0,0,0,0,0,0,1,0,0,0,0,0,0,0,0,0,1
hast,0,0,0,0,0,0,0,0,1,0,0,0,0,0,0,0,0,0,0,1,2
hate,0,0,0,0,0,0,0,0,0,2,0,0,0,0,0,0,0,0,0,0,2
hath,0,0,0,0,0,0,0,0,1,0,1,0,0,0,0,0,0,1,0,0,3
have,0,0,0,0,0,0,0,0,0,0,0,0,0,1,0,0,0,0,0,0,1
having,0,0,0,1,0,0,1,0,0,0,0,0,0,0,0,0,0,0,0,0,2
he,0,0,1,0,0,0,1,0,0,0,0,1,0,0,1,0,0,0,0,0,4
head,0,0,0,0,0,0,1,0,0,0,0,0,0,0,0,0,0,0,0,0,1
hear,0,0,0,0,0,0,0,1,0,0,0,0,0,0,0,0,0,0,0,0,1
hear'st,0,0,0,0,0,0,0,1,0,0,0,0,0,0,0,0,0,0,0,0,1
heart,0,0,0,0,0,0,0,0,0,0,0,0,0,0,0,0,0,0,0,1,1
heat,0,0,0,0,0,0,0,0,0,0,0,1,0,0,0,0,0,0,0,0,1
heaven,0,0,0,0,0,0,0,0,0,0,0,0,0,1,0,0,1,1,0,0,3
heavenly,0,0,0,0,0,0,1,0,0,0,0,0,0,0,0,0,1,0,0,0,2
height,0,0,0,0,0,0,0,0,0,0,0,0,0,0,1,0,0,0,0,0,1
heinous,0,0,0,0,0,0,0,0,0,0,0,0,0,0,0,0,0,0,1,0,1
heir,1,0,0,0,0,1,0,0,0,0,0,0,0,0,0,0,0,0,0,0,2
held,0,1,0,0,0,0,0,0,0,0,0,0,0,0,0,0,0,0,0,0,1
hence,0,0,0,0,0,0,0,0,0,0,0,1,0,0,0,0,0,0,0,0,1
her,0,0,1,0,0,0,0,0,1,0,1,0,0,0,0,0,0,0,3,0,6
herald,1,0,0,0,0,0,0,0,0,0,0,0,0,0,0,0,0,0,0,0,1
herd,0,0,0,0,0,0,0,0,0,0,0,1,0,0,0,0,0,0,0,0,1
here,0,0,0,0,0,0,0,0,0,0,0,0,1,0,0,0,0,0,0,0,1
herein,0,0,0,0,0,0,0,0,0,0,1,0,0,0,0,0,0,0,0,0,1
hideous,0,0,0,0,1,0,0,0,0,0,0,1,0,0,0,0,0,0,0,0,2
hides,0,0,0,0,0,0,0,0,0,0,0,0,0,0,0,0,1,0,0,0,1
high,0,0,0,0,0,0,0,0,0,0,0,0,0,0,0,0,1,0,0,0,1
highmost,0,0,0,0,0,0,1,0,0,0,0,0,0,0,0,0,0,0,0,0,1
hill,0,0,0,0,0,0,1,0,0,0,0,0,0,0,0,0,0,0,0,0,1
him,0,0,0,0,1,0,0,0,0,0,0,1,0,0,0,0,0,0,1,0,3
himself,0,0,0,0,0,0,0,0,1,0,0,0,0,0,0,0,0,0,0,0,1
his,2,1,1,0,0,0,7,0,1,0,0,0,0,1,0,0,0,2,0,1,16
hold,0,0,0,0,0,0,0,0,0,0,0,0,1,0,0,0,0,0,0,0,1
holds,0,0,0,0,0,0,0,0,0,0,0,0,0,0,1,0,0,0,0,0,1
homage,0,0,0,0,0,0,1,0,0,0,0,0,0,0,0,0,0,0,0,0,1
honour,0,0,0,0,0,0,0,0,0,0,0,0,1,0,0,0,0,0,0,0,1
hot,0,0,0,0,0,0,0,0,0,0,0,0,0,0,0,0,0,1,0,0,1
hours,0,0,0,0,1,0,0,0,0,0,0,0,0,0,0,1,0,0,1,0,3
house,0,0,0,0,0,0,0,0,0,0,0,0,1,0,0,0,0,0,0,0,1
how,0,1,0,1,0,0,0,1,0,0,0,0,0,0,0,0,0,0,0,0,3
hue,0,0,0,0,0,0,0,0,0,0,0,0,0,0,0,0,0,0,0,1,1
hues,0,0,0,0,0,0,0,0,0,0,0,0,0,0,0,0,0,0,0,1,1
huge,0,0,0,0,0,0,0,0,0,0,0,0,0,0,1,0,0,0,0,0,1
husband,0,0,0,0,0,0,0,1,1,0,0,0,0,0,0,0,0,0,0,0,2
husbandry,0,0,1,0,0,0,0,0,0,0,0,0,1,0,0,0,0,0,0,0,2
if,0,1,2,0,0,2,0,1,1,1,1,0,0,2,0,0,2,0,0,0,13
image,0,0,1,0,0,0,0,0,0,0,0,0,0,0,0,0,0,0,0,0,1
in,1,1,2,0,1,2,3,4,5,1,2,2,2,2,5,3,4,2,3,3,48
inconstant,0,0,0,0,0,0,0,0,0,0,0,0,0,0,1,0,0,0,0,0,1
increase,1,0,0,0,0,0,0,0,0,0,1,0,0,0,1,0,0,0,0,0,3
influence,0,0,0,0,0,0,0,0,0,0,0,0,0,0,1,0,0,0,0,0,1
inward,0,0,0,0,0,0,0,0,0,0,0,0,0,0,0,1,0,0,0,0,1
is,0,0,3,0,0,1,0,0,1,2,0,0,0,1,0,0,1,1,0,1,11
issue,0,0,0,0,0,0,0,0,0,0,0,0,1,0,0,0,0,0,0,0,1
issueless,0,0,0,0,0,0,0,0,1,0,0,0,0,0,0,0,0,0,0,0,1
it,0,1,0,0,2,2,0,0,3,0,0,0,0,1,0,0,3,0,0,1,13
jaws,0,0,0,0,0,0,0,0,0,0,0,0,0,0,0,0,0,0,1,0,1
joy,0,0,0,0,0,0,0,2,0,0,0,0,0,0,0,0,0,0,0,0,2
judgement,0,0,0,0,0,0,0,0,0,0,0,0,0,1,0,0,0,0,0,0,1
keen,0,0,0,0,0,0,0,0,0,0,0,0,0,0,0,0,0,0,1,0,1
keep,0,0,0,0,0,0,0,0,1,0,0,0,0,0,0,0,0,0,0,0,1
keeps,0,0,0,0,0,0,0,0,0,0,0,0,0,0,0,1,0,0,0,0,1
kept,0,0,0,0,0,0,0,0,1,0,0,0,0,0,0,0,0,0,0,0,1
kind,0,0,0,0,0,0,0,0,0,1,0,0,0,0,0,0,0,0,0,0,1
kind-hearted,0,0,0,0,0,0,0,0,0,1,0,0,0,0,0,0,0,0,0,0,1
know,0,0,0,0,0,0,0,0,0,0,0,0,1,0,0,0,0,0,0,0,1
knowledge,0,0,0,0,0,0,0,0,0,0,0,0,0,1,0,0,0,0,0,0,1
knows,0,0,0,0,0,0,0,0,0,0,0,0,0,0,0,0,1,0,0,0,1
largess,0,0,0,1,0,0,0,0,0,0,0,0,0,0,0,0,0,0,0,0,1
leads,0,0,0,0,1,0,0,0,0,0,0,0,0,0,0,0,0,0,0,0,1
lease,0,0,0,0,0,0,0,0,0,0,0,0,1,0,0,0,0,1,0,0,2
least,0,0,0,0,0,0,0,0,0,1,0,0,0,0,0,0,0,0,0,0,1
leave,0,0,0,1,0,0,0,0,0,0,0,0,0,0,0,0,0,0,0,0,1
leaves,0,0,0,0,1,0,0,0,0,0,0,1,0,0,0,0,0,0,0,0,2
leaving,0,0,0,0,0,1,0,0,0,0,0,0,0,0,0,0,0,0,0,0,1
leese,0,0,0,0,1,0,0,0,0,0,0,0,0,0,0,0,0,0,0,0,1
left,0,0,0,0,1,0,0,0,1,0,0,0,0,0,0,0,0,0,0,0,2
legacy,0,0,0,1,0,0,0,0,0,0,0,0,0,0,0,0,0,0,0,0,1
lend,0,0,0,1,0,0,0,0,0,0,0,0,0,0,0,0,0,0,0,0,1
lends,0,0,0,1,0,0,0,0,0,0,0,0,0,0,0,0,0,0,0,0,1
less,0,0,0,0,0,0,0,0,0,0,0,0,0,0,0,0,1,0,0,1,2
let,0,0,0,0,0,1,0,0,0,0,2,0,1,0,0,0,0,0,0,0,4
lets,0,0,0,0,0,0,0,0,0,0,0,0,1,0,0,0,0,0,0,0,1
lies,1,1,0,0,0,0,0,0,0,0,0,0,0,0,0,0,1,0,0,0,3
life,0,0,0,0,0,0,0,0,1,0,0,0,0,0,0,2,1,1,0,0,5
lifts,0,0,0,0,0,0,1,0,0,0,0,0,0,0,0,0,0,0,0,0,1
light,1,0,0,0,0,0,1,0,0,0,0,0,0,0,0,0,0,0,0,0,2
like,0,0,0,0,0,0,1,0,1,0,0,0,0,0,0,0,1,0,0,0,3
liker,0,0,0,0,0,0,0,0,0,0,0,0,0,0,0,1,0,0,0,0,1
lines,0,0,0,0,0,0,0,0,0,0,0,0,0,0,0,1,0,1,1,0,3
lion,0,0,0,0,0,0,0,0,0,0,0,0,0,0,0,0,0,0,1,0,1
liquid,0,0,0,0,1,0,0,0,0,0,0,0,0,0,0,0,0,0,0,0,1
little,0,0,0,0,0,0,0,0,0,0,0,0,0,0,1,0,0,0,0,0,1
live,0,0,1,1,0,0,0,0,0,1,0,0,1,0,0,2,1,0,1,0,8
livery,0,1,0,0,0,0,0,0,0,0,0,0,0,0,0,0,0,0,0,0,1
lives,0,0,0,1,1,0,0,0,0,0,1,0,0,0,0,0,0,1,0,0,4
living,0,0,0,0,0,1,0,0,0,0,0,0,0,0,0,1,0,0,0,0,2
lo,0,0,0,0,0,0,1,0,0,0,0,0,0,0,0,0,0,0,0,0,1
loan,0,0,0,0,0,1,0,0,0,0,0,0,0,0,0,0,0,0,0,0,1
lodged,0,0,0,0,0,0,0,0,0,1,0,0,0,0,0,0,0,0,0,0,1
lofty,0,0,0,0,0,0,0,0,0,0,0,1,0,0,0,0,0,0,0,0,1
long,0,0,0,0,0,0,0,0,0,0,0,0,0,0,0,0,0,2,0,0,2
long-lived,0,0,0,0,0,0,0,0,0,0,0,0,0,0,0,0,0,0,1,0,1
longer,0,0,0,0,0,0,0,0,0,0,0,0,1,0,0,0,0,0,0,0,1
look,0,0,1,0,0,0,1,0,1,0,1,0,0,0,0,0,0,0,0,0,4
looks,0,0,0,0,0,0,2,0,0,0,0,0,0,0,0,0,0,0,0,0,2
lose,0,0,0,0,0,0,0,0,0,0,0,0,0,0,0,0,0,1,0,0,1
lov'st,0,0,0,0,0,0,0,1,0,1,0,0,0,0,0,0,0,0,0,0,2
love,0,0,0,0,0,0,0,0,1,3,0,0,2,0,1,0,0,0,2,2,11
loveliness,0,0,0,1,0,0,0,0,0,0,0,0,0,0,0,0,0,0,0,0,1
lovely,0,0,1,0,1,0,0,0,0,0,0,0,0,0,0,0,0,1,0,0,3
low,0,0,0,0,0,0,1,0,0,0,0,0,0,0,0,0,0,0,0,0,1
luck,0,0,0,0,0,0,0,0,0,0,0,0,0,1,0,0,0,0,0,0,1
lusty,0,1,0,0,1,0,0,0,0,0,0,0,0,0,0,0,0,0,0,0,2
made,0,1,0,0,0,0,0,0,0,0,1,0,0,0,0,0,0,0,0,0,2
maiden,0,0,0,0,0,0,0,0,0,0,0,0,0,0,0,1,0,0,0,0,1
majesty,0,0,0,0,0,0,1,0,0,0,0,0,0,0,0,0,0,0,0,0,1
mak'st,1,0,0,0,0,0,0,0,0,0,0,0,0,0,0,0,0,0,0,0,1
make,0,1,0,0,0,2,0,0,0,1,1,2,0,0,0,2,0,0,2,0,11
makeless,0,0,0,0,0,0,0,0,1,0,0,0,0,0,0,0,0,0,0,0,1
making,1,0,0,0,0,0,0,0,0,0,0,0,0,0,0,0,0,0,0,0,1
man,0,0,0,0,0,0,0,0,0,0,0,0,0,0,0,0,0,0,0,1,1
many,0,0,0,0,0,0,0,1,0,1,0,0,0,0,0,1,0,0,0,0,3
mark,0,0,0,0,0,0,0,1,0,0,0,0,0,0,0,0,0,0,0,0,1
married,0,0,0,0,0,0,0,1,0,0,0,0,0,0,0,0,0,0,0,0,1
master,0,0,0,0,0,0,0,0,0,0,0,0,0,0,0,0,0,0,0,1,1
may,0,0,0,0,0,0,0,0,1,2,0,0,0,0,0,0,0,1,0,0,4
mayst,0,0,0,0,0,0,0,0,0,0,1,0,0,0,0,0,0,0,0,0,1
me,0,0,0,0,0,0,0,0,0,1,0,0,0,0,0,0,0,0,0,1,2
means,0,0,0,0,0,0,0,0,0,0,0,0,0,0,0,1,0,0,0,0,1
meant,0,0,0,0,0,0,0,0,0,0,1,0,0,0,0,0,0,0,0,0,1
meet,0,0,0,0,1,0,0,0,0,0,0,0,0,0,0,0,0,0,0,0,1
memory,1,0,0,0,0,0,0,0,0,0,0,0,0,0,1,0,0,0,0,0,2
men,0,0,0,0,0,0,0,0,0,0,0,0,0,0,1,1,1,1,1,1,6
methinks,0,0,0,0,0,0,0,0,0,0,0,0,0,1,0,0,0,0,0,0,1
metre,0,0,0,0,0,0,0,0,0,0,0,0,0,0,0,0,1,0,0,0,1
middle,0,0,0,0,0,0,1,0,0,0,0,0,0,0,0,0,0,0,0,0,1
might,2,0,0,0,0,0,0,0,0,0,0,0,1,0,0,0,0,0,0,0,3
mightier,0,0,0,0,0,0,0,0,0,0,0,0,0,0,0,1,0,0,0,0,1
mind,0,0,0,0,0,0,0,0,1,1,0,0,0,0,0,0,0,0,0,0,2
minded,0,0,0,0,0,0,0,0,0,0,1,0,0,0,0,0,0,0,0,0,1
mine,0,1,0,0,0,0,0,0,0,0,0,0,0,0,0,0,0,0,0,1,2
minutes,0,0,0,0,0,0,0,0,0,0,0,0,0,1,0,0,0,0,0,0,1
mistress,0,0,0,0,0,0,0,0,0,0,0,0,0,0,0,0,0,0,0,1,1
moment,0,0,0,0,0,0,0,0,0,0,0,0,0,0,1,0,0,0,0,0,1
more,0,1,0,0,0,0,0,0,0,0,2,0,0,0,0,1,0,2,0,1,7
mortal,0,0,0,0,0,0,1,0,0,0,0,0,0,0,0,0,0,0,0,0,1
most,0,0,0,0,0,0,0,0,0,1,0,0,0,0,1,0,1,0,1,0,4
mother,0,0,2,0,0,0,0,1,0,0,0,0,0,0,0,0,0,0,0,0,3
much,0,1,0,0,0,1,0,0,0,0,0,0,0,0,0,1,0,0,0,0,3
murd'rous,0,0,0,0,0,0,0,0,1,0,0,0,0,0,0,0,0,0,0,0,1
murderous,0,0,0,0,0,0,0,0,0,1,0,0,0,0,0,0,0,0,0,0,1
music,0,0,0,0,0,0,0,2,0,0,0,0,0,0,0,0,0,0,0,0,2
must,0,0,0,1,0,0,0,0,0,0,0,1,0,0,0,1,0,0,0,0,3
mutual,0,0,0,0,0,0,0,1,0,0,0,0,0,0,0,0,0,0,0,0,1
my,0,2,0,0,0,0,0,0,0,1,0,0,1,2,1,2,3,0,3,2,17
nature,0,0,0,2,0,0,0,0,0,0,1,0,0,0,0,0,0,1,0,2,6
ne'er,0,0,0,0,0,0,0,0,0,0,0,0,0,0,0,0,1,0,0,0,1
neither,0,0,0,0,0,0,0,0,0,0,0,0,0,0,0,1,0,0,0,0,1
never,1,0,0,0,0,0,0,0,0,0,0,0,0,0,0,0,0,0,0,0,1
never-resting,0,0,0,0,1,0,0,0,0,0,0,0,0,0,0,0,0,0,0,0,1
new,0,1,0,0,0,0,0,0,0,0,0,0,0,0,1,0,0,0,0,0,2
new-appearing,0,0,0,0,0,0,1,0,0,0,0,0,0,0,0,0,0,0,0,0,1
niggard,0,0,0,1,0,0,0,0,0,0,0,0,0,0,0,0,0,0,0,0,1
niggarding,1,0,0,0,0,0,0,0,0,0,0,0,0,0,0,0,0,0,0,0,1
night,0,0,0,0,0,0,0,0,0,0,0,1,0,0,1,0,0,0,0,0,2
no,0,0,0,0,1,0,0,0,2,0,0,0,2,0,0,0,0,0,1,0,6
none,0,0,0,0,0,0,0,1,0,1,0,0,1,0,0,0,0,0,0,0,3
noon,0,0,0,0,0,0,1,0,0,0,0,0,0,0,0,0,0,0,0,0,1
nor,0,0,0,0,2,0,0,0,0,0,0,0,0,1,0,1,0,2,1,0,7
not,0,0,2,1,1,3,0,2,0,1,2,0,0,2,0,1,1,1,1,1,19
note,0,0,0,0,0,0,0,1,0,0,0,0,0,0,0,0,0,0,0,0,1
nothing,0,0,0,1,0,0,0,0,0,0,0,1,0,0,0,0,0,0,0,1,3
nought,0,0,0,0,0,0,0,0,0,0,0,0,0,0,1,0,0,0,0,0,1
now,1,1,2,0,0,0,1,0,0,0,0,0,0,0,0,1,0,0,0,0,6
number,0,0,0,0,0,0,0,0,0,0,0,0,0,0,0,0,1,0,0,0,1
numbers,0,0,0,0,0,0,0,0,0,0,0,0,0,0,0,0,1,0,0,0,1
o,0,0,0,0,0,0,0,0,0,1,0,0,2,0,0,0,0,0,1,0,4
o'er,0,0,0,0,0,0,0,0,0,0,0,1,0,0,0,0,0,0,0,0,1
o'er-snowed,0,0,0,0,1,0,0,0,0,0,0,0,0,0,0,0,0,0,0,0,1
object,0,0,0,0,0,0,0,0,0,0,0,0,0,0,0,0,0,0,0,1,1
of,0,3,5,2,1,1,0,1,1,2,1,3,2,4,4,3,4,3,0,2,42
offend,0,0,0,0,0,0,0,1,0,0,0,0,0,0,0,0,0,0,0,0,1
oft,0,0,0,0,0,0,0,0,0,0,0,0,0,1,0,0,0,0,0,0,1
often,0,0,0,0,0,0,0,0,0,0,0,0,0,0,0,0,0,1,0,0,1
old,0,2,0,0,0,0,0,0,0,0,0,0,0,0,0,0,1,0,1,0,4
on,0,1,0,0,1,0,2,0,1,0,0,1,0,0,0,1,0,0,0,0,7
one,0,0,0,0,0,1,0,4,0,0,1,0,0,0,0,0,0,0,1,1,8
only,1,0,0,0,0,0,0,0,0,0,0,0,0,0,0,0,0,0,0,0,1
or,1,0,1,0,0,1,0,1,0,2,0,0,0,4,0,1,0,2,0,0,13
ordering,0,0,0,0,0,0,0,1,0,0,0,0,0,0,0,0,0,0,0,0,1
orient,0,0,0,0,0,0,1,0,0,0,0,0,0,0,0,0,0,0,0,0,1
ornament,1,0,0,0,0,0,0,0,0,0,0,0,0,0,0,0,0,0,0,0,1
other,0,0,0,0,0,0,0,0,0,0,0,0,1,0,0,0,0,0,0,0,1
others,0,0,0,0,0,0,0,0,1,0,0,1,0,0,0,0,0,0,0,0,2
out,0,0,0,0,0,0,0,0,0,0,0,0,0,0,1,0,0,0,0,1,2
outgoing,0,0,0,0,0,0,1,0,0,0,0,0,0,0,0,0,0,0,0,0,1
outward,0,0,0,0,0,0,0,0,0,0,0,0,0,0,0,1,0,0,0,0,1
ow'st,0,0,0,0,0,0,0,0,0,0,0,0,0,0,0,0,0,1,0,0,1
own,2,1,0,0,0,0,0,0,0,0,0,0,0,0,0,1,0,0,1,1,6
painted,0,0,0,0,0,0,0,0,0,0,0,0,0,0,0,1,0,0,0,1,2
papers,0,0,0,0,0,0,0,0,0,0,0,0,0,0,0,0,1,0,0,0,1
parts,0,0,0,0,0,0,0,1,0,0,0,0,0,0,0,0,1,0,0,0,2
passion,0,0,0,0,0,0,0,0,0,0,0,0,0,0,0,0,0,0,0,1,1
past,0,0,0,0,0,0,0,0,0,0,0,1,0,0,0,0,0,0,0,0,1
pattern,0,0,0,0,0,0,0,0,0,0,0,0,0,0,0,0,0,0,1,0,1
paws,0,0,0,0,0,0,0,0,0,0,0,0,0,0,0,0,0,0,1,0,1
pay,0,0,0,0,0,1,0,0,0,0,0,0,0,0,0,0,0,0,0,0,1
pen,0,0,0,0,0,0,0,0,0,0,0,0,0,0,0,1,0,0,1,0,2
pencil,0,0,0,0,0,0,0,0,0,0,0,0,0,0,0,1,0,0,0,0,1
pent,0,0,0,0,1,0,0,0,0,0,0,0,0,0,0,0,0,0,0,0,1
perceive,0,0,0,0,0,0,0,0,0,0,0,0,0,0,1,0,0,0,0,0,1
perfection,0,0,0,0,0,0,0,0,0,0,0,0,0,0,1,0,0,0,0,0,1
perish,0,0,0,0,0,0,0,0,0,0,1,0,0,0,0,0,0,0,0,0,1
phoenix,0,0,0,0,0,0,0,0,0,0,0,0,0,0,0,0,0,0,1,0,1
pilgrimage,0,0,0,0,0,0,1,0,0,0,0,0,0,0,0,0,0,0,0,0,1
pitch,0,0,0,0,0,0,1,0,0,0,0,0,0,0,0,0,0,0,0,0,1
pity,1,0,0,0,0,0,0,0,0,0,0,0,0,0,0,0,0,0,0,0,1
place,0,0,0,0,0,1,0,0,1,0,0,0,0,0,0,0,0,0,0,0,2
plagues,0,0,0,0,0,0,0,0,0,0,0,0,0,1,0,0,0,0,0,0,1
plants,0,0,0,0,0,0,0,0,0,0,0,0,0,0,1,0,0,0,0,0,1
play,0,0,0,0,1,0,0,0,0,0,0,0,0,0,0,0,0,0,0,0,1
pleasing,0,0,0,0,0,0,0,1,0,0,0,0,0,0,0,0,0,0,0,0,1
pleasure,0,0,0,0,0,0,0,1,0,0,0,0,0,0,0,0,0,0,0,1,2
pluck,0,0,0,0,0,0,0,0,0,0,0,0,0,1,0,0,0,0,1,0,2
poet,0,0,0,0,0,0,0,0,0,0,0,0,0,0,0,0,2,0,0,0,2
pointing,0,0,0,0,0,0,0,0,0,0,0,0,0,1,0,0,0,0,0,0,1
possessed,0,0,0,0,0,0,0,0,0,1,0,0,0,0,0,0,0,0,0,0,1
possession,0,0,0,0,0,0,0,0,0,0,0,0,0,0,0,0,0,1,0,0,1
posterity,0,0,1,0,0,1,0,0,0,0,0,0,0,0,0,0,0,0,0,0,2
praise,0,2,0,0,0,0,0,0,0,0,0,0,0,0,0,0,0,0,0,0,2
predict,0,0,0,0,0,0,0,0,0,0,0,0,0,1,0,0,0,0,0,0,1
prepare,0,0,0,0,0,0,0,0,0,0,0,0,1,0,0,0,0,0,0,0,1
presence,0,0,0,0,0,0,0,0,0,1,0,0,0,0,0,0,0,0,0,0,1
presenteth,0,0,0,0,0,0,0,0,0,0,0,0,0,0,1,0,0,0,0,0,1
prick'd,0,0,0,0,0,0,0,0,0,0,0,0,0,0,0,0,0,0,0,1,1
prime,0,0,1,0,0,0,0,0,0,0,0,1,0,0,0,0,0,0,0,0,2
princes,0,0,0,0,0,0,0,0,0,0,0,0,0,1,0,0,0,0,0,0,1
print,0,0,0,0,0,0,0,0,0,0,1,0,0,0,0,0,0,0,0,0,1
prisoner,0,0,0,0,1,0,0,0,0,0,0,0,0,0,0,0,0,0,0,0,1
private,0,0,0,0,0,0,0,0,1,0,0,0,0,0,0,0,0,0,0,0,1
profitless,0,0,0,1,0,0,0,0,0,0,0,0,0,0,0,0,0,0,0,0,1
prognosticate,0,0,0,0,0,0,0,0,0,0,0,0,0,1,0,0,0,0,0,0,1
proud,0,1,0,0,0,0,0,0,0,0,0,0,0,0,0,0,0,0,0,0,1
prove,0,0,0,0,0,0,0,1,0,1,0,0,0,0,0,0,0,0,0,0,2
proving,0,1,0,0,0,0,0,0,0,0,0,0,0,0,0,0,0,0,0,0,1
pupil,0,0,0,0,0,0,0,0,0,0,0,0,0,0,0,1,0,0,0,0,1
purpose,0,0,0,0,0,0,0,0,0,0,0,0,0,0,0,0,0,0,0,1,1
quality,0,0,0,0,0,0,0,0,0,0,0,0,0,1,0,0,0,0,0,0,1
question,0,0,0,0,0,0,0,0,0,0,0,1,0,0,0,0,0,0,0,0,1
quite,0,0,0,0,1,0,0,0,0,0,0,0,0,0,0,0,0,0,0,0,1
rage,0,0,0,0,0,0,0,0,0,0,0,0,1,0,0,0,1,0,0,0,2
ragged,0,0,0,0,0,1,0,0,0,0,0,0,0,0,0,0,0,0,0,0,1
rain,0,0,0,0,0,0,0,0,0,0,0,0,0,1,0,0,0,0,0,0,1
read,0,0,0,0,0,0,0,0,0,0,0,0,0,1,0,0,0,0,0,0,1
receiv'st,0,0,0,0,0,0,0,2,0,0,0,0,0,0,0,0,0,0,0,0,2
reeleth,0,0,0,0,0,0,1,0,0,0,0,0,0,0,0,0,0,0,0,0,1
refigured,0,0,0,0,0,1,0,0,0,0,0,0,0,0,0,0,0,0,0,0,1
remembered,0,0,1,0,0,0,0,0,0,0,0,0,0,0,0,0,0,0,0,0,1
remembrance,0,0,0,0,1,0,0,0,0,0,0,0,0,0,0,0,0,0,0,0,1
renewest,0,0,1,0,0,0,0,0,0,0,0,0,0,0,0,0,0,0,0,0,1
repair,0,0,1,0,0,0,0,0,0,1,0,0,0,0,0,1,0,0,0,0,3
resembling,0,0,0,0,0,0,1,1,0,0,0,0,0,0,0,0,0,0,0,0,2
rhyme,0,0,0,0,0,0,0,0,0,0,0,0,0,0,0,1,1,0,0,0,2
rich,0,0,0,0,0,0,0,0,0,0,0,0,0,0,1,0,0,0,0,0,1
rights,0,0,0,0,0,0,0,0,0,0,0,0,0,0,0,0,1,0,0,0,1
riper,1,0,0,0,0,0,0,0,0,0,0,0,0,0,0,0,0,0,0,0,1
rolling,0,0,0,0,0,0,0,0,0,0,0,0,0,0,0,0,0,0,0,1,1
roof,0,0,0,0,0,0,0,0,0,1,0,0,0,0,0,0,0,0,0,0,1
rose,1,0,0,0,0,0,0,0,0,0,0,0,0,0,0,0,0,0,0,0,1
rough,0,0,0,0,0,0,0,0,0,0,0,0,0,0,0,0,0,1,0,0,1
rude,0,0,0,0,0,0,0,0,0,0,1,0,0,0,0,0,0,0,0,0,1
ruinate,0,0,0,0,0,0,0,0,0,1,0,0,0,0,0,0,0,0,0,0,1
sable,0,0,0,0,0,0,0,0,0,0,0,1,0,0,0,0,0,0,0,0,1
sacred,0,0,0,0,0,0,1,0,0,0,0,0,0,0,0,0,0,0,0,0,1
sadly,0,0,0,0,0,0,0,1,0,0,0,0,0,0,0,0,0,0,0,0,1
same,0,0,0,0,1,0,0,0,0,0,0,0,0,0,0,0,0,0,0,0,1
sap,0,0,0,0,1,0,0,0,0,0,0,0,0,0,1,0,0,0,0,0,2
save,0,0,0,0,0,0,0,0,0,0,0,1,0,0,0,0,0,0,0,0,1
say,0,1,0,0,0,0,0,0,0,0,0,0,1,1,0,0,1,0,0,0,4
scorned,0,0,0,0,0,0,0,0,0,0,0,0,0,0,0,0,1,0,0,0,1
scythe,0,0,0,0,0,0,0,0,0,0,0,1,0,0,0,0,0,0,0,0,1
seal,0,0,0,0,0,0,0,0,0,0,1,0,0,0,0,0,0,0,0,0,1
seasons,0,0,0,0,0,0,0,0,0,0,0,0,0,0,0,0,0,0,1,0,1
seasons',0,0,0,0,0,0,0,0,0,0,0,0,0,1,0,0,0,0,0,0,1
secret,0,0,0,0,0,0,0,0,0,0,0,0,0,0,1,0,0,0,0,0,1
see,0,1,1,0,0,0,0,0,0,0,0,3,0,0,0,0,0,1,0,0,6
seeking,0,0,0,0,0,0,0,0,0,1,0,0,0,0,0,0,0,0,0,0,1
seeming,0,0,0,0,0,0,0,1,0,0,0,0,0,0,0,0,0,0,0,0,1
self,2,0,0,4,0,2,0,0,1,3,0,0,2,0,0,2,0,0,0,0,16
self-killed,0,0,0,0,0,1,0,0,0,0,0,0,0,0,0,0,0,0,0,0,1
self-love,0,0,1,0,0,0,0,0,0,0,0,0,0,0,0,0,0,0,0,0,1
self-same,0,0,0,0,0,0,0,0,0,0,0,0,0,0,1,0,0,0,0,0,1
self-substantial,1,0,0,0,0,0,0,0,0,0,0,0,0,0,0,0,0,0,0,0,1
self-willed,0,0,0,0,0,1,0,0,0,0,0,0,0,0,0,0,0,0,0,0,1
semblance,0,0,0,0,0,0,0,0,0,0,0,0,1,0,0,0,0,0,0,0,1
serving,0,0,0,0,0,0,1,0,0,0,0,0,0,0,0,0,0,0,0,0,1
sets,0,0,0,0,0,0,0,0,0,0,0,0,0,0,1,0,0,0,0,0,1
shade,0,0,0,0,0,0,0,0,0,0,0,0,0,0,0,0,0,1,0,0,1
shake,0,0,0,0,0,0,0,0,0,0,0,0,0,0,0,0,0,1,0,0,1
shall,0,2,0,0,0,0,0,0,0,1,0,0,0,2,0,0,0,3,1,0,9
shalt,0,0,1,0,0,0,0,0,1,0,1,0,0,0,0,0,0,0,0,0,3
shame,0,1,0,0,0,0,0,0,1,1,0,0,0,0,0,0,0,0,0,0,3
shape,0,0,0,0,0,0,0,0,1,0,0,0,0,0,0,0,0,0,0,0,1
she,0,0,2,1,0,0,0,0,0,0,3,0,0,0,0,0,0,0,0,2,8
sheaves,0,0,0,0,0,0,0,0,0,0,0,1,0,0,0,0,0,0,0,0,1
shifting,0,0,0,0,0,0,0,0,0,0,0,0,0,0,0,0,0,0,0,1,1
shifts,0,0,0,0,0,0,0,0,1,0,0,0,0,0,0,0,0,0,0,0,1
shines,0,0,0,0,0,0,0,0,0,0,0,0,0,0,0,0,0,1,0,0,1
short,0,0,0,0,0,0,0,0,0,0,0,0,0,0,0,0,0,1,0,0,1
should,1,0,1,0,0,0,0,0,0,1,1,0,3,0,0,1,2,0,0,0,10
shouldst,0,0,0,0,0,1,0,1,0,0,2,0,0,0,0,0,0,0,0,0,4
show,0,0,0,0,1,0,0,0,0,0,0,0,0,0,0,0,0,0,0,0,1
shows,0,0,0,0,0,0,0,0,0,0,0,0,0,0,1,0,1,0,0,0,2
sight,0,0,0,0,0,0,1,0,0,0,0,0,0,0,1,0,0,0,0,0,2
silvered,0,0,0,0,0,0,0,0,0,0,0,1,0,0,0,0,0,0,0,0,1
since,0,0,0,0,0,0,0,0,0,0,0,1,0,0,0,0,0,0,0,1,2
sing,0,0,0,0,0,0,0,1,0,0,0,0,0,0,0,0,0,0,0,0,1
single,0,0,1,0,0,0,0,1,1,0,0,0,0,0,0,0,0,0,0,0,3
singleness,0,0,0,0,0,0,0,1,0,0,0,0,0,0,0,0,0,0,0,0,1
sings,0,0,0,0,0,0,0,1,0,0,0,0,0,0,0,0,0,0,0,0,1
sire,0,0,0,0,0,0,0,1,0,0,0,0,0,0,0,0,0,0,0,0,1
sits,0,0,0,0,0,0,0,0,1,0,0,0,0,0,0,0,0,0,0,0,1
skill,0,0,0,0,0,0,0,0,0,0,0,0,0,0,0,1,0,0,0,0,1
sky,0,0,0,0,0,0,0,0,0,0,0,0,0,0,1,0,0,0,0,0,1
small,0,1,0,0,0,0,0,0,0,0,0,0,0,0,0,0,0,0,0,0,1
so,0,1,3,1,0,0,1,0,1,2,2,0,3,0,0,1,1,2,0,0,18
some,0,0,1,0,0,2,0,0,0,0,0,0,1,0,0,0,1,0,0,0,5
sometime,0,0,0,0,0,0,0,0,0,0,0,0,0,0,0,0,0,2,0,0,2
son,0,0,0,0,0,0,1,0,0,0,0,0,1,0,0,0,0,0,0,0,2
song,0,0,0,0,0,0,0,1,0,0,0,0,0,0,0,0,1,0,0,0,2
sorry,0,0,0,0,0,0,0,0,0,0,0,0,0,0,0,0,0,0,1,0,1
souls,0,0,0,0,0,0,0,0,0,0,0,0,0,0,0,0,0,0,0,1,1
sounds,0,0,0,0,0,0,0,1,0,0,0,0,0,0,0,0,0,0,0,0,1
speechless,0,0,0,0,0,0,0,1,0,0,0,0,0,0,0,0,0,0,0,0,1
spend,0,0,0,1,0,0,0,0,1,0,0,0,0,0,0,0,0,0,0,0,2
spring,1,0,0,0,0,0,0,0,0,0,0,0,0,0,0,0,0,0,0,0,1
stage,0,0,0,0,0,0,0,0,0,0,0,0,0,0,1,0,0,0,0,0,1
stand,0,0,0,0,0,0,0,0,0,0,0,0,0,0,0,1,0,0,0,0,1
stars,0,0,0,0,0,0,0,0,0,0,0,0,0,2,1,0,0,0,0,0,3
state,0,0,0,0,0,0,0,0,0,0,0,0,0,0,1,0,0,0,0,0,1
stay,0,0,0,0,0,0,0,0,0,0,0,0,0,0,1,0,0,0,0,0,1
steals,0,0,0,0,0,0,0,0,0,0,0,0,0,0,0,0,0,0,0,1,1
steep-up,0,0,0,0,0,0,1,0,0,0,0,0,0,0,0,0,0,0,0,0,1
stick'st,0,0,0,0,0,0,0,0,0,1,0,0,0,0,0,0,0,0,0,0,1
still,0,0,0,0,1,0,1,0,2,1,0,0,0,0,0,1,0,0,0,0,6
stop,0,0,1,0,0,0,0,0,0,0,0,0,0,0,0,0,0,0,0,0,1
store,0,0,0,0,0,0,0,0,0,0,1,0,0,1,0,0,0,0,0,0,2
stormy,0,0,0,0,0,0,0,0,0,0,0,0,1,0,0,0,0,0,0,0,1
stretched,0,0,0,0,0,0,0,0,0,0,0,0,0,0,0,0,1,0,0,0,1
strikes,0,0,0,0,0,0,0,1,0,0,0,0,0,0,0,0,0,0,0,0,1
string,0,0,0,0,0,0,0,1,0,0,0,0,0,0,0,0,0,0,0,0,1
strong,0,0,0,0,0,0,1,0,0,0,0,0,0,0,0,0,0,0,0,0,1
substance,0,0,0,0,1,0,0,0,0,0,0,0,0,0,0,0,0,0,0,0,1
succeeding,0,0,0,0,0,0,0,0,0,0,0,0,0,0,0,0,0,0,1,0,1
succession,0,1,0,0,0,0,0,0,0,0,0,0,0,0,0,0,0,0,0,0,1
such,0,0,0,0,0,0,0,0,1,0,0,0,0,1,0,0,1,0,0,0,3
sullied,0,0,0,0,0,0,0,0,0,0,0,0,0,0,1,0,0,0,0,0,1
sum,0,1,0,1,0,0,0,0,0,0,0,0,0,0,0,0,0,0,0,0,2
summer,0,0,0,0,2,1,0,0,0,0,0,1,0,0,0,0,0,3,0,0,7
sums,0,0,0,1,0,0,0,0,0,0,0,0,0,0,0,0,0,0,0,0,1
sunk,0,0,0,0,0,0,0,0,0,0,0,1,0,0,0,0,0,0,0,0,1
sunken,0,1,0,0,0,0,0,0,0,0,0,0,0,0,0,0,0,0,0,0,1
sweet,1,0,0,1,1,1,0,1,0,0,0,0,3,0,0,1,0,0,1,0,10
sweetly,0,0,0,0,0,0,0,1,0,0,0,0,0,0,0,0,0,0,0,0,1
sweets,0,0,0,0,0,0,0,2,0,0,0,1,0,0,0,0,0,0,1,0,4
swift-footed,0,0,0,0,0,0,0,0,0,0,0,0,0,0,0,0,0,0,1,0,1
takes,0,0,0,0,0,0,0,0,0,0,0,1,0,0,1,0,0,0,0,0,2
teeth,0,0,0,0,0,0,0,0,0,0,0,0,0,0,0,0,0,0,1,0,1
tell,0,0,1,0,0,0,0,0,0,0,0,0,0,2,0,0,0,0,0,0,3
tells,0,0,0,0,0,0,0,0,0,0,0,1,0,0,0,0,0,0,0,0,1
temperate,0,0,0,0,0,0,0,0,0,0,0,0,0,0,0,0,0,1,0,0,1
ten,0,0,0,0,0,5,0,0,0,0,0,0,0,0,0,0,0,0,0,0,5
tender,2,0,0,0,0,0,0,0,0,0,0,0,0,0,0,0,0,0,0,0,2
termed,0,0,0,0,0,0,0,0,0,0,0,0,0,0,0,0,1,0,0,0,1
th',0,0,0,1,0,0,0,0,0,0,0,0,0,0,0,0,0,0,0,0,1
than,0,0,0,0,0,1,0,0,0,1,0,0,1,0,0,2,1,0,0,1,7
that,2,0,1,0,2,3,0,2,4,6,3,2,2,1,3,1,1,1,0,0,34
the,6,1,6,1,3,1,5,2,6,0,3,7,1,1,3,2,2,2,6,2,60
thee,1,0,2,3,0,4,0,2,2,2,1,1,0,1,0,0,0,2,1,3,25
their,0,0,0,0,2,0,0,0,0,0,0,0,0,0,2,0,1,0,0,1,6
theirs,0,0,0,0,0,0,0,0,0,0,0,0,0,0,0,0,0,0,0,1,1
them,0,0,0,0,0,0,0,0,0,0,0,0,0,1,0,0,0,0,0,0,1
themselves,0,0,0,0,0,0,0,0,0,0,0,1,0,0,0,0,0,0,0,0,1
then,0,1,0,2,1,2,0,0,0,0,0,1,1,0,1,0,0,0,0,0,9
there,0,0,0,0,1,0,0,0,0,0,0,0,0,0,0,0,0,0,1,0,2
thereby,1,0,0,0,0,0,0,0,0,0,1,0,0,0,0,0,0,0,0,0,2
they,0,0,0,0,1,0,0,1,0,0,0,1,0,0,0,0,0,0,0,0,3
thine,2,2,2,0,0,2,0,2,0,1,2,0,0,1,0,0,0,0,1,0,15
thing,0,0,0,0,0,0,0,0,0,0,0,0,0,0,1,0,0,0,0,1,2
this,1,2,1,0,0,0,0,1,0,0,1,0,1,1,2,2,1,2,0,0,15
those,0,0,0,1,1,1,0,0,0,0,1,0,0,0,0,0,0,0,0,0,4
thou,2,3,6,5,0,5,2,5,3,6,8,1,0,1,0,0,0,4,3,2,56
though,0,0,0,0,1,0,0,0,0,0,0,0,0,0,0,0,1,0,0,0,2
thought,0,0,0,0,0,0,0,0,0,1,0,0,0,0,0,0,0,0,0,0,1
threescore,0,0,0,0,0,0,0,0,0,0,1,0,0,0,0,0,0,0,0,0,1
thriftless,0,1,0,0,0,0,0,0,0,0,0,0,0,0,0,0,0,0,0,0,1
thrive,0,0,0,0,0,0,0,0,0,0,0,0,0,1,0,0,0,0,0,0,1
through,0,0,1,0,0,0,0,0,0,0,0,0,0,0,0,0,0,0,0,0,1
thunder,0,0,0,0,0,0,0,0,0,0,0,0,0,1,0,0,0,0,0,0,1
thy,5,7,4,6,0,3,1,0,2,5,0,1,0,1,0,0,0,1,4,2,42
thyself,0,0,0,0,0,0,1,0,0,1,0,0,0,1,0,0,0,0,0,0,3
tiger,0,0,0,0,0,0,0,0,0,0,0,0,0,0,0,0,0,0,1,0,1
till,0,0,0,0,0,0,0,0,0,0,0,0,0,0,0,0,0,0,0,1,1
tillage,0,0,1,0,0,0,0,0,0,0,0,0,0,0,0,0,0,0,0,0,1
time,1,0,2,0,1,0,0,0,0,0,0,3,0,0,2,2,2,1,3,0,17
times,0,0,0,0,0,3,0,0,0,0,1,0,0,0,0,0,0,0,0,0,4
to,4,2,2,4,2,2,1,3,2,5,0,1,2,4,2,1,2,3,2,1,45
together,0,0,0,0,0,0,0,0,0,0,0,0,0,1,0,0,0,0,0,0,1
tomb,0,0,1,0,0,0,0,0,0,0,0,0,0,0,0,0,1,0,0,0,2
tombed,0,0,0,1,0,0,0,0,0,0,0,0,0,0,0,0,0,0,0,0,1
tongue,0,0,0,0,0,0,0,0,0,0,0,0,0,0,0,0,1,0,0,0,1
too,1,0,0,0,0,1,0,0,0,0,0,0,0,0,0,0,0,2,0,0,4
top,0,0,0,0,0,0,0,0,0,0,0,0,0,0,0,1,0,0,0,0,1
totter'd,0,1,0,0,0,0,0,0,0,0,0,0,0,0,0,0,0,0,0,0,1
touched,0,0,0,0,0,0,0,0,0,0,0,0,0,0,0,0,1,0,0,0,1
touches,0,0,0,0,0,0,0,0,0,0,0,0,0,0,0,0,1,0,0,0,1
toward,0,0,0,0,0,0,0,0,1,0,0,0,0,0,0,0,0,0,0,0,1
tract,0,0,0,0,0,0,1,0,0,0,0,0,0,0,0,0,0,0,0,0,1
traffic,0,0,0,1,0,0,0,0,0,0,0,0,0,0,0,0,0,0,0,0,1
treasure,0,1,0,0,0,2,0,0,0,0,0,0,0,0,0,0,0,0,0,1,4
trees,0,0,0,0,0,0,0,0,0,0,0,1,0,0,0,0,0,0,0,0,1
trenches,0,1,0,0,0,0,0,0,0,0,0,0,0,0,0,0,0,0,0,0,1
TRUE,0,0,0,0,0,0,0,1,0,0,0,0,0,0,0,0,1,0,0,0,2
truth,0,0,0,0,0,0,0,0,0,0,0,0,0,2,0,0,1,0,0,0,3
twice,0,0,0,0,0,0,0,0,0,0,0,0,0,0,0,0,1,0,0,0,1
tyrant,0,0,0,0,0,0,0,0,0,0,0,0,0,0,0,1,0,0,0,0,1
tyrants,0,0,0,0,1,0,0,0,0,0,0,0,0,0,0,0,0,0,0,0,1
unbless,0,0,1,0,0,0,0,0,0,0,0,0,0,0,0,0,0,0,0,0,1
under,0,0,0,0,0,0,1,0,0,0,0,0,0,0,0,0,0,0,0,0,1
uneared,0,0,1,0,0,0,0,0,0,0,0,0,0,0,0,0,0,0,0,0,1
unfair,0,0,0,0,1,0,0,0,0,0,0,0,0,0,0,0,0,0,0,0,1
unions,0,0,0,0,0,0,0,1,0,0,0,0,0,0,0,0,0,0,0,0,1
unless,0,0,0,0,0,0,1,0,0,0,0,0,0,0,0,0,0,0,0,0,1
unlooked,0,0,0,0,0,0,1,0,0,0,0,0,0,0,0,0,0,0,0,0,1
unprovident,0,0,0,0,0,0,0,0,0,1,0,0,0,0,0,0,0,0,0,0,1
unset,0,0,0,0,0,0,0,0,0,0,0,0,0,0,0,1,0,0,0,0,1
untainted,0,0,0,0,0,0,0,0,0,0,0,0,0,0,0,0,0,0,1,0,1
unthrift,0,0,0,0,0,0,0,0,1,0,0,0,0,0,0,0,0,0,0,0,1
unthrifts,0,0,0,0,0,0,0,0,0,0,0,0,1,0,0,0,0,0,0,0,1
unthrifty,0,0,0,1,0,0,0,0,0,0,0,0,0,0,0,0,0,0,0,0,1
untrimmed,0,0,0,0,0,0,0,0,0,0,0,0,0,0,0,0,0,1,0,0,1
unused,0,0,0,1,0,0,0,0,1,0,0,0,0,0,0,0,0,0,0,0,2
up,0,0,0,0,0,0,1,0,0,0,0,1,0,0,0,0,0,0,0,0,2
uphold,0,0,0,0,0,0,0,0,0,0,0,0,1,0,0,0,0,0,0,0,1
upon,0,0,0,1,0,0,0,0,0,0,0,0,0,0,0,1,0,0,0,0,2
use,0,1,0,1,0,1,0,0,0,0,0,0,0,0,0,0,0,0,0,1,4
used,0,0,0,1,0,0,0,0,0,0,0,0,0,0,0,0,0,0,0,0,1
user,0,0,0,0,0,0,0,0,1,0,0,0,0,0,0,0,0,0,0,0,1
usurer,0,0,0,1,0,0,0,0,0,0,0,0,0,0,0,0,0,0,0,0,1
usury,0,0,0,0,0,1,0,0,0,0,0,0,0,0,0,0,0,0,0,0,1
vaunt,0,0,0,0,0,0,0,0,0,0,0,0,0,0,1,0,0,0,0,0,1
verse,0,0,0,0,0,0,0,0,0,0,0,0,0,0,0,0,1,0,1,0,2
very,0,0,0,0,1,0,0,0,0,0,0,0,0,0,0,0,0,0,0,0,1
vial,0,0,0,0,0,1,0,0,0,0,0,0,0,0,0,0,0,0,0,0,1
viewest,0,0,1,0,0,0,0,0,0,0,0,0,0,0,0,0,0,0,0,0,1
violet,0,0,0,0,0,0,0,0,0,0,0,1,0,0,0,0,0,0,0,0,1
virtuous,0,0,0,0,0,0,0,0,0,0,0,0,0,0,0,1,0,0,0,0,1
wail,0,0,0,0,0,0,0,0,1,0,0,0,0,0,0,0,0,0,0,0,1
walls,0,0,0,0,1,0,0,0,0,0,0,0,0,0,0,0,0,0,0,0,1
wander'st,0,0,0,0,0,0,0,0,0,0,0,0,0,0,0,0,0,1,0,0,1
wane,0,0,0,0,0,0,0,0,0,0,1,0,0,0,0,0,0,0,0,0,1
war,0,0,0,0,0,0,0,1,0,0,0,0,0,0,1,1,0,0,0,0,3
warm,0,1,0,0,0,0,0,0,0,0,0,0,0,0,0,0,0,0,0,0,1
was,0,0,0,0,1,0,0,0,0,0,0,0,0,0,0,0,0,0,0,0,1
waste,1,0,0,0,0,0,0,0,1,0,0,0,0,0,0,0,0,0,0,0,2
wasteful,0,0,0,0,0,0,0,0,0,0,0,0,0,0,1,0,0,0,0,0,1
wastes,0,0,0,0,0,0,0,0,0,0,0,1,0,0,0,0,0,0,0,0,1
way,0,0,0,0,0,0,1,0,0,0,0,0,0,0,0,1,0,0,0,0,2
we,1,0,0,0,0,0,0,0,0,0,0,0,0,0,0,0,0,0,0,0,1
wear,0,0,0,0,0,0,0,0,0,0,0,0,0,0,1,0,0,0,0,0,1
weary,0,0,0,0,0,0,1,0,0,0,0,0,0,0,0,0,0,0,0,0,1
weed,0,1,0,0,0,0,0,0,0,0,0,0,0,0,0,0,0,0,0,0,1
weep,0,0,0,0,0,0,0,0,1,0,0,0,0,0,0,0,0,0,0,0,1
well,0,0,0,0,0,0,0,0,1,0,0,0,0,1,0,0,0,0,0,0,2
well-tuned,0,0,0,0,0,0,0,1,0,0,0,0,0,0,0,0,0,0,0,0,1
were,0,2,0,0,2,1,0,0,0,0,1,0,2,0,0,0,2,0,0,0,10
wert,0,0,0,0,0,0,0,0,0,0,0,0,0,0,0,0,0,0,0,1,1
wet,0,0,0,0,0,0,0,0,1,0,0,0,0,0,0,0,0,0,0,0,1
what,0,0,0,1,1,1,0,0,1,0,0,0,0,0,0,0,0,0,0,0,4
whate'er,0,0,0,0,0,0,0,0,0,0,0,0,0,0,0,0,0,0,1,0,1
when,0,3,0,1,0,0,2,0,1,0,1,4,1,0,2,0,0,1,0,0,16
where,1,2,1,0,2,0,0,0,0,0,0,0,0,0,1,0,0,0,0,0,7
wherefore,0,0,0,0,0,0,0,0,0,0,0,0,0,0,0,1,0,0,0,0,1
whereon,0,0,0,0,0,0,0,0,0,0,0,0,0,0,1,0,0,0,0,0,1
whereupon,0,0,0,0,0,0,0,0,0,0,0,0,0,0,0,0,0,0,0,1,1
which,0,0,0,1,1,1,0,1,0,1,3,1,2,0,0,1,1,0,0,1,14
white,0,0,0,0,0,0,0,0,0,0,0,2,0,0,0,0,0,0,0,0,2
who,0,0,1,0,0,0,0,2,0,1,0,0,1,0,0,0,1,0,0,0,6
whom,0,0,0,0,0,0,0,0,0,0,2,0,0,0,0,0,0,0,0,0,2
whose,0,0,2,0,0,0,0,1,0,0,0,0,0,0,0,0,0,0,0,0,3
why,0,0,0,3,0,0,0,2,0,0,0,0,0,0,0,0,0,0,0,0,5
wide,0,0,0,0,0,0,0,0,0,0,0,0,0,0,0,0,0,0,1,0,1
widow,0,0,0,0,0,0,0,0,3,0,0,0,0,0,0,0,0,0,0,0,3
wife,0,0,0,0,0,0,0,0,1,0,0,0,0,0,0,0,0,0,0,0,1
will,0,1,1,0,1,0,0,0,2,0,0,0,0,0,0,0,1,0,0,0,6
willing,0,0,0,0,0,1,0,0,0,0,0,0,0,0,0,0,0,0,0,0,1
wilt,0,0,0,0,0,0,0,1,0,1,0,0,0,0,0,0,0,0,1,0,3
wind,0,0,0,0,0,0,0,0,0,0,0,0,0,1,0,0,0,0,0,0,1
windows,0,0,1,0,0,0,0,0,0,0,0,0,0,0,0,0,0,0,0,0,1
winds,0,0,0,0,0,0,0,0,0,0,0,0,0,0,0,0,0,1,0,0,1
winter,0,0,0,0,2,1,0,0,0,0,0,0,1,0,0,0,0,0,0,0,4
winters,0,1,0,0,0,0,0,0,0,0,0,0,0,0,0,0,0,0,0,0,1
wisdom,0,0,0,0,0,0,0,0,0,0,1,0,0,0,0,0,0,0,0,0,1
wish,0,0,0,0,0,0,0,0,0,0,0,0,0,0,0,1,0,0,0,0,1
with,1,0,1,2,4,1,2,2,0,1,0,2,0,1,2,2,2,0,2,2,27
within,1,1,0,0,0,0,0,0,0,0,0,0,0,0,0,0,0,0,0,0,2
without,0,0,0,0,0,0,0,0,0,0,1,0,0,0,0,0,0,0,0,0,1
woman,0,0,0,0,0,0,0,0,0,0,0,0,0,0,0,0,0,0,0,3,3
womb,0,0,1,0,0,0,0,0,0,0,0,0,0,0,0,0,0,0,0,0,1
women,0,0,0,0,0,0,0,0,0,0,0,0,0,0,0,0,0,0,0,3,3
work,0,0,0,0,1,0,0,0,0,0,0,0,0,0,0,0,0,0,0,0,1
world,3,0,1,0,0,0,0,0,5,0,1,0,0,0,0,0,0,0,1,0,11
worms,0,0,0,0,0,1,0,0,0,0,0,0,0,0,0,0,0,0,0,0,1
worst,0,0,0,0,0,0,0,0,0,0,0,0,0,0,0,0,0,0,1,0,1
worth,0,1,0,0,0,0,0,0,0,0,0,0,0,0,0,1,0,0,0,0,2
would,0,0,0,0,0,0,0,0,0,0,1,0,0,0,0,1,1,0,0,0,3
wouldst,0,0,0,0,0,0,0,0,0,0,0,0,0,1,0,0,0,0,0,0,1
wrinkles,0,0,1,0,0,0,0,0,0,0,0,0,0,0,0,0,0,0,0,0,1
write,0,0,0,0,0,0,0,0,0,0,0,0,0,0,0,0,1,0,0,0,1
wrong,0,0,0,0,0,0,0,0,0,0,0,0,0,0,0,0,0,0,1,0,1
wrought,0,0,0,0,0,0,0,0,0,0,0,0,0,0,0,0,0,0,0,1,1
year,0,0,0,0,0,0,0,0,0,0,1,0,0,0,0,0,0,0,0,0,1
yellowed,0,0,0,0,0,0,0,0,0,0,0,0,0,0,0,0,1,0,0,0,1
yet,0,0,0,1,0,0,1,0,0,0,0,0,0,1,0,1,1,0,1,0,6
you,0,0,0,0,0,0,0,0,0,0,0,0,8,0,4,5,1,0,0,0,18
young,0,0,0,0,0,0,0,0,0,0,0,0,0,0,0,0,0,0,1,0,1
youngly,0,0,0,0,0,0,0,0,0,0,1,0,0,0,0,0,0,0,0,0,1
your,0,0,0,0,0,0,0,0,0,0,0,0,6,0,1,5,6,0,0,0,18
yours,0,0,0,0,0,0,0,0,0,0,0,0,1,0,0,0,1,0,0,0,2
yourself,0,0,0,0,0,0,0,0,0,0,0,0,2,0,0,2,0,0,0,0,4
youth,0,1,0,0,0,0,1,0,0,0,1,0,0,0,2,0,0,0,0,0,5
youthful,0,0,0,0,0,0,0,0,0,0,0,0,0,0,1,0,0,0,0,0,1
